feed_name,agency_name,purpose
AC Transit Schedule,Alameda-Contra Costa Transit District,Use a consistent operator label when the warehouse analysis name is missing or inconsistent.
Basin Transit GMV Schedule,Basin Transit,Use a consistent operator label when the warehouse analysis name is missing or inconsistent.
Bay Area 511 Emery Express Schedule,Quarterra Living Inc,Use a consistent operator label when the warehouse analysis name is missing or inconsistent.
Bulldog Express PassioGo Schedule,Fresno State University,Use a consistent operator label when the warehouse analysis name is missing or inconsistent.
CSULB Shuttle PassioGo Schedule,California State University Long Beach,Use a consistent operator label when the warehouse analysis name is missing or inconsistent.
Clovis PassioGo Schedule,City of Clovis,Use a consistent operator label when the warehouse analysis name is missing or inconsistent.
Commute.org Schedules,Commute.org and Menlo Park Community Shuttles Schedule,Use a consistent operator label when the warehouse analysis name is missing or inconsistent.
County Connection Schedule,Central Contra Costa Transit Authority,Use a consistent operator label when the warehouse analysis name is missing or inconsistent.
Dana Point Trolley PassioGo Schedule,City of Dana Point,Use a consistent operator label when the warehouse analysis name is missing or inconsistent.
Desert Roadrunner GMV Schedule,Palo Verde Valley Transit Agency,Use a consistent operator label when the warehouse analysis name is missing or inconsistent.
Emery Go-Round TripShot Schedule,Emeryville Transportation Management Agency,Use a consistent operator label when the warehouse analysis name is missing or inconsistent.
Gold Coast Schedule,"Ventura County (VCTC, Gold Coast, Cities of Camarillo, Moorpark, Ojai, Simi Valley, Thousand Oaks)",Use a consistent operator label when the warehouse analysis name is missing or inconsistent.
Golden Gate Bridge Schedule,"Golden Gate Bridge, Highway and Transportation District",Use a consistent operator label when the warehouse analysis name is missing or inconsistent.
LAX Shuttles Schedule,Los Angeles World Airports,Use a consistent operator label when the warehouse analysis name is missing or inconsistent.
Long Beach Transit Water Taxis GTFS Schedule,Long Beach Transit,Use a consistent operator label when the warehouse analysis name is missing or inconsistent.
MVGO Schedule,Mountain View Transportation Management Association,Use a consistent operator label when the warehouse analysis name is missing or inconsistent.
Merced GMV Schedule,Transit Joint Powers Authority for Merced County,Use a consistent operator label when the warehouse analysis name is missing or inconsistent.
Moorpark Schedule,"Ventura County (VCTC, Gold Coast, Cities of Camarillo, Moorpark, Ojai, Simi Valley, Thousand Oaks)",Use a consistent operator label when the warehouse analysis name is missing or inconsistent.
Mountain Transit GMV Schedule,Mountain Area Regional Transit Authority,Use a consistent operator label when the warehouse analysis name is missing or inconsistent.
Mountain View Community Shuttle Schedule,City of Mountain View,Use a consistent operator label when the warehouse analysis name is missing or inconsistent.
Peppedine University Shuttles Schedule,Pepperdine University,Use a consistent operator label when the warehouse analysis name is missing or inconsistent.
Ridgecrest Schedule,City of Ridgecrest,Use a consistent operator label when the warehouse analysis name is missing or inconsistent.
SCVTA Schedule,Santa Clara Valley Transportation Authority,Use a consistent operator label when the warehouse analysis name is missing or inconsistent.
Santa Rosa CityBus GMV Schedule,City of Santa Rosa,Use a consistent operator label when the warehouse analysis name is missing or inconsistent.
Simi Valley Schedule,"Ventura County (VCTC, Gold Coast, Cities of Camarillo, Moorpark, Ojai, Simi Valley, Thousand Oaks)",Use a consistent operator label when the warehouse analysis name is missing or inconsistent.
SolTrans Schedule,Solano Transportation Authority,Use a consistent operator label when the warehouse analysis name is missing or inconsistent.
Sonoma County Transit Schedule,Sonoma County Transit Schedule,Use a consistent operator label when the warehouse analysis name is missing or inconsistent.
Sonoma Schedule,Sonoma County Transit Schedule,Use a consistent operator label when the warehouse analysis name is missing or inconsistent.
South San Francisco Schedule,City of South San Francisco,Use a consistent operator label when the warehouse analysis name is missing or inconsistent.
SunLine GMV Schedule,SunLine Transit Agency,Use a consistent operator label when the warehouse analysis name is missing or inconsistent.
Tahoe Transportation District GMV Schedule,Tahoe Transportation District,Use a consistent operator label when the warehouse analysis name is missing or inconsistent.
Thousand Oaks Schedule,"Ventura County (VCTC, Gold Coast, Cities of Camarillo, Moorpark, Ojai, Simi Valley, Thousand Oaks)",Use a consistent operator label when the warehouse analysis name is missing or inconsistent.
Tri-Valley Wheels Schedule,Livermore-Amador Valley Transit Authority,Use a consistent operator label when the warehouse analysis name is missing or inconsistent.
University of San Diego Tram Services Schedule,University of San Diego,Use a consistent operator label when the warehouse analysis name is missing or inconsistent.
VCTC Intercity Schedule,"Ventura County (VCTC, Gold Coast, Cities of Camarillo, Moorpark, Ojai, Simi Valley, Thousand Oaks)",Use a consistent operator label when the warehouse analysis name is missing or inconsistent.
Vacaville Schedule,City of Vacaville,Use a consistent operator label when the warehouse analysis name is missing or inconsistent.
Victor Valley GMV Schedule,Victor Valley Transit Authority,Use a consistent operator label when the warehouse analysis name is missing or inconsistent.
Vine GMV Schedule,Napa Valley Transportation Authority,Use a consistent operator label when the warehouse analysis name is missing or inconsistent.
Vine Schedule,Napa Valley Transportation Authority,Use a consistent operator label when the warehouse analysis name is missing or inconsistent.
WestCAT Schedule,Western Contra Costa Transit Authority,Use a consistent operator label when the warehouse analysis name is missing or inconsistent.
Yuba-Sutter PassioGo Schedule,Yuba-Sutter Transit Authority,Use a consistent operator label when the warehouse analysis name is missing or inconsistent.
