field_name,display_order,notes
agency_name,1,Toolkit agency/operator label (warehouse analysis_name after alias normalization).
feed_name,2,"Warehouse feed name, shown to users as GTFS Feed."
GTFS_stop_id,3,Agency GTFS stop_id.
GTFS_stop_name,4,Agency GTFS stop_name.
GTFS_stop_code,5,Public-facing GTFS stop_code when provided.
GTFS_stop_lat,6,Source GTFS latitude.
GTFS_stop_lon,7,Source GTFS longitude.
source_key,8,Stable source-record key for tracing back to the full working outputs.
cross_agency_shared_stop_candidate,9,Y when record participates in an evaluated cross-operator shared-stop candidate.
shared_stop_group_id,10,Shared-stop candidate group identifier.
shared_stop_group_recommendation,11,Group-level recommendation.
shared_stop_confidence,12,Group-level shared-stop confidence.
shared_stop_best_score,13,Highest shared-stop pair score involving this record.
shared_stop_nearest_distance_ft,14,Nearest evaluated cross-operator candidate distance in feet.
shared_stop_operator_count,15,Number of distinct operators represented in the candidate/group.
shared_stop_best_match_agency_name,16,Agency name of highest-scoring paired candidate.
shared_stop_conflict_codes,17,Physical-separation/conflict codes.
shared_stop_group_review_required,18,Y when the shared-stop group requires review.
shared_stop_group_review_type,19,CONFIRM_SHARED_STOP or RESOLVE_UNCERTAIN_GROUP.
